,Q1,Q2,Q3,Q4,Q5,Q6,Q7,Q8,Q9,Q10,Q11,Q12,Q13,Q14,Q15,Q16,Q17,Q18,Q19,Q20,Q21,Q22,Q23,Q24,Q25,Q26,Q27,Q28,Q29,Q30,Q31,Q32,Q33,Q34,Q35,Q36,Q37,Q38,Q39,Q40,Q41,Q42,Q43,Q44,Q45,Q46,Q47,Q48,Q49,Q50,Q51,Q52,Q53,Q54,Q55,Q56,Q57,Q58,Q59,Q60,Q61,Q62,Clus_km,Count,Preference Group
0,6,2,4,3,1,5,5,3,4,4,4,5,4,7,6,7,6,5,5,6,7,5,2,1,2,3,1,1,2,2,4,4,5,4,3,4,4,3,5,3,5,5,4,3,4,4,4,5,4,4,5,4,2,4,5,4,5,3,4,4,4,2,1,1,1
1,7,7,7,5,4,4,5,4,5,5,4,4,4,2,3,4,4,3,4,2,4,4,7,1,4,3,4,5,7,4,1,5,5,5,3,3,4,7,4,3,7,6,4,7,6,6,7,6,6,7,1,1,1,1,1,1,5,4,3,5,4,5,0,2,3
2,5,4,6,5,7,5,3,5,4,5,5,5,6,3,3,4,2,4,3,4,2,3,3,4,2,4,5,3,3,4,7,5,7,5,7,6,5,7,3,2,1,1,1,1,4,3,4,4,3,2,4,4,3,5,6,3,4,4,5,3,4,4,2,3,2
3,4,2,5,4,2,4,5,4,3,4,4,4,6,5,6,7,6,5,5,5,6,6,1,1,1,2,2,2,3,1,2,5,4,5,4,4,3,3,6,2,4,5,4,2,4,5,4,3,3,4,5,2,3,5,4,4,4,2,5,5,5,3,1,4,3
4,5,5,7,6,7,3,4,5,4,2,5,4,4,5,4,3,2,5,4,5,5,5,3,4,5,2,2,3,1,4,6,7,7,7,5,7,7,7,2,1,3,2,2,3,4,5,5,2,5,3,4,4,6,4,5,5,4,5,4,3,4,5,2,5,1
5,6,6,4,4,5,3,5,2,5,3,4,4,5,1,2,4,4,5,4,1,3,5,7,1,5,3,5,4,5,3,2,6,3,4,4,6,4,2,3,3,6,4,3,7,6,6,7,7,6,7,2,2,1,2,1,2,5,4,4,4,4,4,0,6,1
6,7,7,3,3,5,4,4,4,4,3,7,4,5,1,3,5,3,3,4,2,2,4,7,1,5,3,4,6,4,5,1,3,5,2,3,4,3,5,3,2,7,5,5,6,7,7,6,6,6,6,1,2,2,1,1,1,4,5,4,3,5,4,0,7,1
7,6,7,3,4,5,3,4,3,5,3,4,4,5,1,4,4,5,4,4,2,4,5,7,1,4,4,5,5,5,5,1,5,4,3,4,5,5,4,6,4,7,4,4,7,7,7,6,7,6,6,1,1,1,2,1,1,5,5,4,6,4,4,0,8,3
8,6,4,6,1,3,4,4,4,3,4,4,3,6,7,7,5,7,5,2,5,6,7,3,5,1,2,4,2,5,4,7,5,5,4,5,3,7,4,5,5,1,2,3,3,5,5,2,5,3,4,3,7,6,4,3,4,6,7,6,2,2,2,3,9,1
9,6,2,4,5,1,5,3,4,5,3,4,5,4,5,7,6,6,6,6,7,7,7,2,1,3,3,3,2,1,3,3,2,3,6,4,4,4,5,4,4,4,3,4,3,4,4,4,4,5,4,6,5,5,3,5,5,3,4,4,3,3,4,1,10,1
10,7,7,2,4,6,5,6,5,3,6,3,5,4,2,3,5,4,3,4,1,4,5,7,1,3,3,4,4,5,4,2,4,5,5,4,2,4,4,4,3,7,5,4,7,6,6,7,6,7,7,1,1,2,1,2,1,5,3,4,6,3,6,0,11,3
11,4,5,6,7,6,4,3,5,5,4,5,3,3,4,5,3,1,3,3,4,4,6,3,4,3,2,5,4,5,5,6,6,6,7,6,6,6,5,2,3,1,2,2,2,1,5,5,6,5,4,4,4,3,3,5,4,4,5,5,3,4,5,2,12,1
12,7,4,4,1,3,5,4,4,5,4,3,4,4,6,7,5,6,3,3,4,7,7,3,4,1,2,4,2,3,3,7,2,6,5,5,5,7,5,5,3,1,2,4,5,6,3,3,3,3,3,5,7,7,4,3,3,7,7,6,1,2,1,3,13,1
13,4,2,5,4,1,4,5,4,3,3,4,3,3,5,6,5,7,5,5,5,7,5,2,1,2,2,1,3,2,2,5,5,2,4,2,5,5,5,4,3,3,1,5,5,4,2,3,2,3,4,5,5,4,4,3,5,4,4,3,4,4,5,1,14,1
14,6,6,3,3,3,5,3,5,4,2,3,4,5,1,4,5,4,3,4,2,5,6,6,2,3,6,4,4,3,4,2,5,5,4,5,2,5,6,5,4,7,5,2,6,7,7,7,7,6,6,1,1,2,1,1,1,3,7,4,3,3,6,0,15,2
15,4,2,1,1,2,4,3,3,2,4,3,4,6,6,7,6,7,7,5,6,6,5,2,1,3,3,2,3,1,3,4,4,5,4,4,4,4,3,2,5,5,4,4,4,4,4,5,2,3,4,4,4,4,5,5,3,6,6,3,2,4,3,1,16,2
16,6,7,4,4,5,4,3,5,4,5,2,4,6,2,4,3,5,4,4,2,3,6,7,1,4,3,4,5,2,3,1,3,3,2,4,4,2,3,4,2,7,4,3,6,6,7,7,7,6,7,2,1,1,2,1,1,4,4,3,7,4,3,0,17,1
17,3,2,5,3,3,4,2,4,6,4,3,4,3,6,6,7,7,6,6,5,5,6,2,1,2,2,2,1,3,2,3,4,5,5,5,4,4,5,7,3,3,5,3,4,4,5,2,4,5,6,4,4,6,4,3,5,4,4,5,3,4,5,1,18,3
18,7,7,6,5,4,4,3,4,4,4,5,3,4,1,6,4,5,3,4,2,3,5,6,1,3,5,3,4,3,3,1,3,5,3,4,4,5,4,3,4,6,3,6,6,7,7,7,7,7,6,1,1,1,1,1,1,4,4,4,3,4,3,0,19,3
19,6,3,5,2,3,3,3,5,6,6,4,3,4,6,6,5,6,4,5,6,6,7,4,3,1,2,4,2,4,4,7,4,4,3,4,3,7,5,4,3,2,1,5,4,2,4,4,4,3,4,4,6,6,2,4,4,7,7,6,2,2,2,3,20,3
20,2,2,6,7,7,5,5,6,4,3,2,3,5,5,4,4,2,3,3,4,4,4,2,4,5,5,5,5,5,3,6,7,6,6,7,5,6,5,2,2,1,1,3,1,5,3,3,4,4,5,4,5,6,5,4,3,4,5,3,5,3,4,2,21,2
21,4,3,6,5,6,3,5,5,4,4,4,4,3,3,5,2,1,4,4,4,4,4,3,4,3,5,5,5,5,4,6,6,6,5,5,6,7,7,2,2,3,2,1,2,3,5,3,3,4,3,4,4,2,2,5,4,1,3,3,6,4,4,2,22,1
22,7,7,3,3,4,5,3,4,4,5,3,6,4,2,3,3,6,2,4,2,4,5,7,2,5,6,4,6,5,4,2,4,4,4,4,4,3,5,3,4,7,2,5,7,7,6,7,6,7,7,2,2,1,2,2,2,5,4,5,4,5,3,0,23,1
23,5,4,6,5,5,6,3,2,4,4,4,5,3,5,4,5,2,4,1,3,4,4,3,3,5,5,4,5,5,5,6,6,6,6,6,5,6,6,2,1,2,2,3,3,5,3,5,3,4,3,3,3,3,5,3,4,3,5,4,4,4,3,2,24,1
24,4,4,5,5,5,6,2,4,4,3,4,5,2,6,5,4,2,4,3,6,3,3,5,5,4,4,3,3,3,5,5,6,7,5,6,6,5,6,1,1,2,3,2,1,2,4,5,5,5,3,4,4,4,4,4,2,4,5,3,3,5,2,2,25,2
25,7,4,4,2,4,4,4,4,4,3,6,4,4,7,7,3,7,3,5,5,6,6,2,4,1,1,5,2,3,5,7,4,3,4,4,5,6,3,7,4,1,1,4,5,4,4,4,3,4,4,5,7,7,5,4,5,7,7,6,1,1,2,3,26,1
26,3,6,7,6,6,4,2,4,3,4,4,3,5,4,6,4,3,2,4,5,5,4,3,3,6,2,4,6,5,5,5,6,6,6,5,5,7,6,2,3,1,3,1,1,3,2,2,4,4,4,5,4,2,4,5,3,3,5,4,4,5,5,2,27,1
27,2,1,2,5,1,4,4,5,4,4,3,5,6,6,5,6,7,5,5,6,6,7,3,2,2,3,1,2,2,1,3,2,4,4,5,5,3,4,5,3,4,4,4,4,5,3,3,5,3,2,5,5,6,5,5,4,4,6,4,5,4,5,1,28,1
28,4,1,2,5,3,3,5,5,4,3,7,3,6,5,7,7,6,7,5,5,6,7,3,2,2,1,3,2,2,2,5,3,3,6,4,6,3,4,2,4,4,3,4,5,3,4,5,2,2,4,4,6,4,4,3,3,3,4,6,4,3,6,1,29,1
29,5,3,4,5,1,5,4,5,3,4,3,3,2,5,6,6,6,7,6,5,7,5,2,3,3,2,2,2,2,1,3,3,6,4,4,5,4,5,3,5,4,4,5,2,4,3,4,4,3,3,5,5,5,4,3,5,2,4,4,2,4,3,1,30,1
30,3,3,6,5,5,4,5,5,5,5,4,4,5,4,4,3,3,4,4,3,5,5,3,4,4,2,3,4,4,4,6,6,6,6,7,6,7,6,1,2,3,2,3,3,4,5,3,5,3,5,2,3,3,3,4,5,7,2,2,4,3,3,2,31,1
31,7,6,4,4,5,5,5,3,5,5,3,4,4,2,5,5,4,5,4,2,5,3,6,1,4,3,4,6,4,3,1,5,5,4,4,4,6,6,4,4,6,6,2,6,6,6,6,6,7,6,1,2,2,1,2,1,4,4,4,4,5,5,0,32,1
32,6,3,5,4,1,5,5,4,3,4,4,3,6,7,6,6,5,6,7,5,7,7,1,1,2,1,3,2,2,2,3,4,4,5,4,4,5,2,5,3,4,4,3,3,4,3,3,5,4,2,6,4,5,4,4,4,3,4,3,4,5,5,1,33,3
33,5,3,2,4,1,2,3,4,5,4,4,5,4,5,5,6,6,7,5,7,6,7,2,2,2,2,2,3,3,1,5,5,5,5,3,4,3,4,5,3,4,3,3,3,5,3,6,3,5,5,4,3,4,5,2,3,6,5,4,4,3,3,1,34,2
34,4,4,6,7,6,5,4,4,3,4,5,6,4,4,4,3,3,2,4,5,3,4,3,4,4,2,4,3,5,3,7,6,6,6,6,7,5,6,2,2,1,1,2,2,5,5,4,4,3,4,4,5,5,3,5,5,2,5,5,5,5,3,2,35,2
35,4,4,7,6,5,4,4,4,3,3,4,4,4,4,4,5,1,4,5,5,5,4,4,3,3,4,3,2,5,4,6,5,5,5,5,5,6,6,1,3,2,2,2,1,2,4,5,4,4,4,5,3,5,4,6,4,3,2,3,3,3,2,2,36,3
36,3,4,5,5,7,3,4,5,4,4,4,4,5,4,4,3,3,4,6,4,4,3,2,3,5,5,3,4,4,4,6,7,5,5,6,6,6,5,2,2,2,2,2,3,3,2,5,3,3,5,4,5,4,4,2,3,5,5,2,4,1,5,2,37,2
37,5,4,5,6,6,3,3,4,3,5,4,6,5,4,4,5,2,6,4,5,3,4,4,4,5,2,4,3,4,4,6,5,7,6,6,6,6,6,1,2,2,3,2,2,5,3,3,5,4,4,4,4,5,3,4,3,5,4,5,4,3,4,2,38,2
38,7,7,3,4,4,4,2,5,4,3,6,4,5,1,4,3,4,6,6,2,7,5,6,2,4,4,3,4,4,4,2,3,4,4,5,5,4,3,5,3,6,4,3,6,7,6,7,6,7,7,1,1,1,2,1,1,5,4,6,5,4,4,0,39,3
39,5,2,4,5,1,4,2,4,4,3,2,4,4,6,6,5,6,6,5,7,6,5,1,2,2,2,3,2,2,3,4,5,4,3,6,3,6,5,4,3,2,3,5,3,4,4,6,2,4,4,5,5,6,2,5,4,4,3,4,5,4,2,1,40,2
40,7,7,5,4,3,2,5,4,3,4,5,3,2,1,2,5,4,5,5,1,4,3,7,1,4,5,3,5,3,4,1,3,3,3,4,3,3,3,4,4,6,4,4,6,7,7,6,7,7,6,2,1,1,2,1,1,4,5,5,6,3,4,0,41,1
41,5,1,5,5,2,4,4,3,6,6,5,5,5,6,7,6,6,6,6,6,5,6,3,1,2,3,2,2,2,3,3,3,5,3,5,4,5,5,4,5,4,3,5,3,5,6,4,3,3,5,5,5,3,3,4,3,5,5,5,1,5,3,1,42,1
42,5,3,5,5,6,4,4,4,2,3,4,6,4,3,2,3,3,3,4,2,5,5,4,4,4,4,4,3,3,2,6,5,5,5,6,7,7,6,1,1,2,3,1,2,3,3,3,4,4,5,3,5,4,4,6,4,3,3,5,4,4,4,2,43,2
43,4,2,5,2,2,4,3,4,7,4,4,4,5,7,7,6,6,6,7,7,5,6,2,1,1,1,2,2,2,2,6,4,3,3,5,3,4,4,3,2,4,2,4,4,5,5,3,3,4,5,2,5,6,4,3,4,3,5,6,4,3,5,1,44,1
44,5,5,5,6,7,4,2,5,3,3,4,3,1,5,5,4,2,5,2,5,5,3,3,4,5,3,4,4,4,5,7,6,6,6,6,6,6,7,2,2,2,3,1,1,3,5,2,2,5,4,4,5,4,5,4,5,3,5,5,4,5,3,2,45,1
45,5,3,5,5,5,5,4,3,3,3,5,2,4,3,6,3,1,3,3,6,5,3,3,3,5,2,2,3,5,3,6,6,5,7,5,5,7,5,1,3,3,3,1,1,4,4,5,6,3,5,3,5,3,4,5,3,4,5,4,5,4,2,2,46,1
46,3,2,5,4,1,4,4,5,5,3,4,4,4,7,7,6,6,6,6,5,7,7,1,1,2,2,2,2,2,2,4,6,4,5,4,3,4,4,4,4,2,5,4,4,6,3,6,3,4,4,3,7,5,3,3,2,3,4,3,6,4,4,1,47,1
47,3,2,4,3,1,5,4,3,2,4,4,4,4,6,6,6,7,5,6,7,6,6,1,2,2,3,3,2,2,1,6,3,2,3,5,5,5,4,5,6,5,3,2,3,2,3,3,2,3,4,4,4,4,4,5,4,7,5,3,3,5,4,1,48,3
48,3,5,6,7,6,4,5,4,5,4,3,7,5,2,3,4,2,3,4,5,4,7,3,3,4,2,2,3,4,2,6,7,6,6,6,7,6,7,2,3,2,3,1,2,2,2,6,3,5,5,6,4,4,4,2,5,3,3,3,3,4,6,2,49,2
49,5,3,4,4,3,3,4,5,4,3,3,2,4,7,6,6,6,6,7,6,5,7,3,1,3,3,3,3,1,1,3,4,3,4,5,4,4,6,4,5,5,3,5,3,4,4,6,7,2,4,6,5,4,5,5,4,4,5,5,3,3,4,1,50,1
50,3,2,6,5,1,6,4,6,2,4,6,5,3,6,6,6,7,6,7,5,5,7,2,2,2,2,2,3,2,3,3,5,3,5,4,5,5,4,3,4,3,5,5,3,4,3,3,5,5,4,5,6,4,5,6,4,3,2,3,4,5,5,1,51,3
51,7,2,4,2,5,5,5,4,4,5,4,4,5,7,7,3,7,5,3,5,7,7,4,3,2,1,4,1,3,5,6,4,4,3,4,4,6,5,4,3,2,1,5,6,3,4,4,4,2,4,3,6,7,4,1,3,6,6,7,1,2,1,3,52,1
52,5,1,6,7,6,2,5,4,4,6,3,5,2,4,4,4,2,4,4,3,4,4,5,2,4,3,5,5,4,5,7,6,6,6,6,7,6,6,2,3,2,2,2,2,4,4,5,3,3,5,4,4,6,5,2,4,4,5,3,5,3,3,2,53,1
53,5,4,7,7,6,4,5,4,5,4,5,3,6,5,6,5,2,5,5,6,4,5,5,3,4,5,4,4,3,4,6,6,6,6,7,6,6,6,1,1,1,1,2,2,5,1,3,1,4,4,6,5,4,4,4,5,3,5,3,5,4,4,2,54,2
54,7,3,5,2,4,5,4,5,5,4,2,3,4,6,6,5,6,4,2,4,6,7,3,4,2,2,4,1,4,3,6,4,3,5,3,3,7,4,4,4,1,1,5,3,5,6,4,5,3,5,4,6,6,4,5,2,6,7,6,2,1,1,3,55,1
55,6,5,4,2,5,4,3,4,2,2,5,1,3,6,6,4,7,4,4,3,7,6,3,5,2,2,6,1,5,5,7,4,4,4,4,3,7,4,4,3,1,1,5,7,4,5,4,5,4,3,6,6,7,3,5,5,7,7,6,1,1,2,3,56,1
56,6,3,4,5,3,3,5,4,4,3,5,4,4,7,6,7,7,5,6,5,6,5,1,3,3,2,2,2,3,3,2,3,5,4,5,4,4,5,4,4,5,4,3,3,3,4,2,3,4,3,3,3,4,5,2,5,5,3,5,5,4,1,1,57,3
57,4,4,5,6,7,4,3,3,4,5,6,6,5,3,4,5,1,5,3,3,5,3,5,5,4,4,5,4,4,4,7,6,6,6,6,6,6,6,1,2,2,2,2,1,3,4,6,3,4,5,5,4,3,4,3,3,5,6,5,5,4,5,2,58,2
58,6,7,3,5,3,3,2,5,4,4,5,5,5,2,5,5,4,5,5,1,2,3,6,1,3,3,5,7,4,5,2,6,4,4,5,3,3,4,5,4,6,4,5,6,6,7,7,6,7,7,1,1,1,2,1,1,3,4,5,4,2,3,0,59,2
59,1,5,6,5,7,4,4,4,5,4,4,2,3,4,2,5,2,4,4,4,2,4,5,4,5,5,5,4,6,4,5,5,6,7,6,6,5,7,2,1,3,2,2,2,4,4,5,5,3,4,4,5,3,1,4,6,4,6,3,1,4,5,2,60,1
60,3,1,5,4,2,3,4,3,4,4,4,4,4,5,7,6,6,6,6,7,5,6,3,2,2,2,1,2,2,1,4,4,3,6,3,5,3,5,4,4,5,3,4,2,4,5,3,4,3,3,4,4,4,4,4,6,3,4,3,5,4,4,1,61,3
61,4,1,5,4,2,2,4,4,4,4,3,5,5,6,5,5,6,6,6,5,6,6,1,2,2,3,2,3,3,1,4,5,4,4,4,5,4,5,5,2,5,6,3,3,4,4,5,3,5,4,4,5,6,3,3,5,5,4,5,4,4,4,1,62,2
62,6,6,4,5,2,1,4,2,5,5,5,5,4,2,3,5,4,5,3,1,2,5,7,1,4,4,4,5,2,3,2,5,5,3,5,5,4,4,4,4,7,4,3,6,6,7,7,6,7,7,2,1,1,1,2,1,4,4,6,5,5,3,0,63,3
63,3,3,4,3,3,3,6,3,5,5,5,5,3,5,6,6,7,6,5,5,6,5,1,1,1,2,1,2,2,2,4,6,4,4,4,4,4,4,1,2,3,4,3,4,4,4,3,5,4,5,4,4,4,4,4,3,6,3,5,4,4,4,1,64,1
64,7,3,4,2,5,4,2,3,3,4,6,4,4,6,6,3,7,3,6,4,6,7,4,2,2,1,5,1,3,6,7,3,4,3,4,4,7,4,5,5,2,2,3,5,5,4,3,5,5,5,4,7,6,4,3,4,6,7,7,2,1,2,3,65,1
65,4,3,6,6,7,5,5,5,4,4,2,5,5,5,4,6,2,5,5,1,5,6,5,4,5,5,4,3,5,5,5,5,5,7,6,6,6,6,1,3,1,1,2,3,3,3,4,4,2,4,3,4,4,4,4,2,4,3,4,5,4,4,2,66,2
66,6,6,2,4,4,3,5,3,3,4,4,2,2,1,4,3,4,4,4,1,4,4,6,1,2,3,3,5,4,3,1,2,3,5,4,4,3,6,4,3,6,3,3,7,7,6,7,7,7,7,1,2,2,1,1,1,4,6,5,3,4,4,0,67,3
67,6,6,5,5,4,4,3,2,4,2,4,3,2,2,5,4,4,5,5,2,3,5,7,1,6,2,4,4,3,3,2,6,3,2,5,5,6,2,3,5,7,4,4,7,6,7,7,6,6,7,2,1,2,2,1,2,3,4,4,3,5,4,0,68,3
68,6,2,5,6,1,4,5,4,3,5,2,6,5,6,5,6,5,5,5,5,6,5,3,2,2,2,2,3,3,1,5,4,6,3,4,5,3,5,3,4,5,4,5,4,5,4,2,4,5,5,4,4,6,4,4,3,4,5,3,7,4,3,1,69,1
69,6,7,4,4,6,5,5,3,5,3,3,4,5,1,4,3,3,4,6,2,4,3,6,1,3,5,4,3,2,4,2,5,4,4,4,4,4,3,5,4,7,4,4,7,7,6,6,6,6,7,2,2,1,1,1,1,5,6,4,5,4,4,0,70,1
70,7,6,4,5,6,4,5,2,4,6,7,2,4,2,5,6,3,5,2,2,3,3,6,1,4,4,3,4,3,4,2,4,3,5,4,5,4,6,4,4,7,4,3,7,6,7,7,7,6,6,2,2,2,1,1,1,3,4,3,6,5,4,0,71,1
71,1,2,4,4,2,4,5,3,6,2,4,2,3,6,6,5,7,7,5,5,7,5,1,2,1,2,3,2,3,1,5,4,3,4,3,3,3,4,4,3,5,4,5,3,4,3,4,3,5,3,4,4,3,5,4,4,6,3,5,3,3,3,1,72,2
72,6,3,5,1,4,5,5,4,4,5,4,2,4,6,6,3,7,2,5,4,7,6,4,4,2,1,2,1,4,4,7,3,4,5,3,3,7,3,2,4,2,2,4,5,3,4,5,3,5,3,5,7,7,2,4,5,6,6,6,1,1,2,3,73,1
73,5,5,6,6,7,3,5,5,5,4,4,6,5,4,5,4,2,2,5,4,4,4,4,4,5,3,4,4,4,3,7,6,6,6,6,5,7,6,2,3,3,3,3,2,4,4,3,4,4,3,3,2,4,3,4,4,5,3,4,5,3,5,2,74,1
74,7,7,5,4,4,4,6,3,3,4,6,7,2,2,4,4,5,3,4,2,5,3,7,2,3,4,5,4,4,2,1,3,7,5,4,4,3,4,4,4,7,5,5,7,6,7,6,6,6,6,2,2,2,2,2,2,4,4,3,4,4,5,0,75,1
75,4,2,6,5,3,4,5,5,4,5,5,5,4,6,5,6,6,5,5,6,7,6,2,2,3,2,3,3,3,2,5,7,5,3,5,4,3,4,3,3,3,5,4,4,4,3,5,4,4,2,3,3,3,3,4,5,4,4,3,5,3,4,1,76,1
76,4,2,4,4,1,5,3,5,3,6,3,3,5,6,6,5,5,6,7,6,5,7,2,1,2,2,2,2,2,2,4,6,5,3,3,4,5,4,4,2,4,4,3,3,4,5,3,5,4,5,5,5,4,4,4,3,4,5,2,3,5,3,1,77,1
77,1,4,7,6,6,4,3,5,6,1,5,5,4,5,4,3,2,4,4,3,6,4,3,4,3,5,3,3,3,5,6,7,6,7,6,5,5,5,3,2,2,2,1,2,6,3,4,4,4,6,5,6,5,5,5,3,6,5,3,4,3,3,2,78,1
78,3,3,4,5,1,4,4,3,5,4,4,4,4,6,6,7,6,6,7,5,5,6,1,1,2,2,1,1,3,3,4,3,4,3,4,5,4,3,2,4,5,4,4,4,4,3,6,5,6,3,6,2,5,5,6,4,3,2,6,6,4,4,1,79,1
79,4,2,4,5,1,4,5,3,5,4,5,3,4,6,6,6,5,5,5,6,6,7,2,3,3,3,3,1,2,1,5,4,5,3,2,4,5,4,4,5,4,4,5,6,4,3,4,5,5,6,2,4,5,3,3,2,2,5,3,7,4,4,1,80,1
80,7,7,4,5,6,2,4,3,6,4,3,4,5,2,5,4,6,5,4,2,2,5,6,1,4,2,3,4,6,2,2,2,1,3,6,2,3,3,3,3,6,4,2,7,7,7,6,7,6,7,2,2,1,2,1,2,5,5,2,3,5,4,0,81,1
81,3,5,5,6,6,4,5,3,3,4,4,5,3,5,4,4,1,4,3,4,3,5,5,5,4,5,4,4,3,3,7,5,6,6,6,5,6,6,2,2,2,1,2,2,5,5,3,4,3,6,3,3,3,3,4,4,2,5,4,3,5,4,2,82,2
82,7,6,3,4,4,2,4,4,4,3,4,4,1,1,4,3,4,5,4,1,5,1,6,2,6,4,4,5,3,6,2,3,4,6,6,3,4,3,2,4,7,4,3,7,7,6,7,7,6,6,2,2,1,1,1,1,4,5,5,5,5,3,0,83,1
83,7,6,4,4,3,3,5,5,3,4,3,6,5,2,3,5,3,4,5,2,6,4,6,1,4,5,4,5,5,5,2,4,3,4,5,4,3,5,5,5,6,3,4,6,6,6,7,6,6,7,2,1,1,1,1,2,4,4,6,5,3,3,0,84,3
84,3,2,6,7,7,4,3,6,4,4,4,3,5,4,3,3,3,6,5,4,3,3,3,4,3,4,4,4,4,3,6,6,5,6,6,6,6,6,2,1,2,2,2,3,3,4,6,5,4,5,3,4,2,5,4,3,3,4,4,4,4,1,2,85,1
85,6,6,3,3,3,4,5,4,3,4,3,2,5,1,3,3,5,4,2,2,3,4,6,2,4,4,3,3,5,5,1,5,4,6,5,4,5,5,5,4,7,2,4,6,6,6,6,6,7,7,2,1,2,2,2,1,4,4,5,3,5,4,0,86,1
86,5,2,4,3,3,3,4,3,3,5,4,5,4,7,5,5,6,7,7,7,7,7,2,2,1,1,2,3,3,3,4,4,4,3,3,3,6,5,4,4,5,4,3,4,3,4,2,4,5,3,4,3,4,5,4,6,4,2,6,5,5,5,1,87,3
87,6,6,6,5,4,5,6,4,3,4,4,4,4,1,5,3,5,5,5,1,4,4,6,1,3,5,4,4,2,5,2,5,4,5,5,3,4,3,5,5,7,3,2,6,6,6,6,7,6,6,2,2,1,2,2,1,4,5,5,4,3,4,0,88,1
88,6,4,3,2,4,3,4,5,5,5,3,4,5,6,6,2,6,3,3,6,6,6,3,4,1,1,5,2,3,2,6,2,3,4,3,4,7,4,3,2,1,2,5,4,3,4,4,3,4,3,4,6,6,3,5,3,7,7,7,1,1,2,3,89,2
89,6,2,6,6,6,5,4,5,4,3,3,3,3,4,5,3,2,3,3,4,5,3,4,6,4,4,4,4,4,3,5,6,6,7,7,6,6,7,1,3,1,2,1,3,5,4,4,3,2,5,4,5,6,4,4,4,4,6,3,4,5,5,2,90,3
90,3,2,4,5,3,5,4,4,3,4,4,6,5,6,7,6,6,6,5,5,6,5,3,2,1,1,2,2,3,1,4,4,3,4,4,4,5,6,4,4,4,4,3,3,3,5,4,5,3,3,2,4,4,4,4,6,5,4,4,4,3,3,1,91,1
91,6,4,4,2,5,4,4,4,3,5,4,5,5,7,7,6,6,4,3,2,7,7,4,3,2,1,2,2,6,5,7,3,4,5,5,5,6,4,2,4,1,1,6,2,3,4,5,3,6,4,5,6,7,3,4,4,6,6,6,1,2,2,3,92,1
92,4,3,6,7,6,6,3,2,5,5,3,5,3,4,4,4,2,4,4,4,5,4,3,4,5,4,5,4,4,4,6,7,5,6,6,6,7,7,3,2,2,2,2,3,4,5,5,3,4,4,3,4,5,3,3,5,3,6,4,2,2,4,2,93,2
93,3,2,3,4,3,3,2,4,5,3,3,4,3,5,6,6,7,5,7,6,6,7,1,2,1,1,1,2,1,1,3,4,3,1,3,4,5,2,4,5,2,4,5,3,4,4,4,3,6,3,5,5,5,5,5,3,4,4,5,4,4,2,1,94,3
94,6,6,7,7,5,3,4,5,4,5,4,4,5,3,4,4,3,3,4,4,4,3,4,3,4,2,4,3,4,4,6,5,6,6,6,5,7,6,1,1,2,2,2,2,4,3,3,4,7,5,4,3,2,2,3,2,4,4,4,3,4,3,2,95,2
95,7,6,3,5,6,5,4,4,4,4,3,5,3,2,4,4,4,3,4,2,3,4,7,1,4,4,4,3,6,4,1,3,2,4,3,5,3,4,4,5,6,4,3,6,6,7,6,7,6,7,1,1,2,2,1,1,1,5,5,5,5,3,0,96,3
96,5,2,3,6,3,3,4,4,3,4,5,6,4,7,6,5,6,6,6,5,5,6,1,2,2,1,2,2,1,2,4,4,3,3,4,4,4,4,5,5,5,3,3,4,4,4,3,4,4,5,3,5,5,3,4,5,2,3,3,3,5,4,1,97,3
97,4,2,3,6,2,2,3,4,5,3,3,3,3,5,6,6,5,7,6,7,6,7,1,2,2,1,2,2,3,2,4,3,6,5,4,4,5,2,3,4,3,4,4,4,2,2,3,4,3,6,4,5,5,4,2,3,4,4,5,4,4,5,1,98,2
98,7,7,4,6,4,4,3,3,4,3,6,3,3,2,5,6,3,4,5,1,4,5,6,1,6,5,5,3,4,4,1,6,3,5,5,6,2,3,5,4,7,4,2,6,7,7,7,7,6,6,2,2,2,2,1,1,4,3,6,3,4,4,0,99,3
99,7,3,7,1,3,4,4,4,4,4,4,6,5,7,7,3,7,4,5,6,7,7,3,3,1,1,5,1,4,4,7,3,3,3,6,5,6,2,4,4,2,2,4,6,6,5,4,4,2,4,2,7,6,4,3,5,7,6,6,2,1,2,3,100,1
100,6,4,6,6,7,5,4,4,3,3,5,2,5,3,4,3,1,3,6,4,3,4,4,4,3,5,3,6,5,3,7,6,6,6,6,7,5,5,1,3,2,2,2,2,4,4,5,4,3,5,5,3,5,4,5,4,2,3,6,4,3,4,2,101,2
101,4,4,5,6,6,4,4,2,4,4,3,3,5,3,4,4,3,4,4,4,4,3,4,4,5,5,6,5,5,3,6,7,7,6,6,6,5,6,3,2,2,3,2,2,4,4,5,1,4,2,5,4,5,5,2,4,2,4,4,5,5,3,2,102,1
102,3,5,5,5,5,3,5,3,3,4,5,5,6,4,3,3,2,3,4,4,4,4,4,4,4,3,4,3,4,3,7,7,6,5,7,7,5,6,3,2,1,2,2,1,3,4,3,5,3,4,4,5,3,3,3,3,4,5,3,3,5,3,2,103,2
103,7,6,4,4,4,5,4,5,4,4,3,4,5,2,2,4,6,2,3,1,3,6,6,2,4,4,2,3,4,3,2,4,4,5,5,4,3,2,4,2,6,5,2,7,7,7,6,6,6,6,2,2,1,2,1,1,5,5,4,6,5,5,0,104,1
104,7,2,4,1,5,3,4,5,5,4,3,6,2,7,7,4,6,3,4,4,6,6,5,2,2,1,3,2,5,3,7,4,4,3,2,3,7,6,4,3,2,2,4,5,5,5,5,3,4,5,4,6,7,3,4,4,6,7,7,1,2,1,3,105,2
105,6,7,6,3,3,4,4,4,3,5,3,3,3,2,5,4,3,4,6,1,4,4,7,2,4,3,4,3,3,4,1,2,4,4,5,4,5,5,3,5,6,3,3,7,7,6,6,6,7,6,1,2,2,1,1,2,3,4,3,4,6,4,0,106,1
106,5,2,3,3,2,2,6,4,4,4,3,6,3,5,7,6,6,7,6,6,6,5,2,1,2,3,3,2,1,1,4,4,4,5,4,2,4,4,3,3,4,3,4,6,3,3,3,1,3,5,5,5,4,3,2,4,5,5,3,5,4,2,1,107,1
107,3,4,6,5,6,4,2,3,4,5,4,4,6,2,5,3,2,5,5,4,6,4,5,3,4,3,5,1,2,4,5,7,7,7,6,6,5,5,1,1,2,2,3,3,4,5,4,5,3,4,3,5,3,4,3,4,2,4,3,4,3,4,2,108,1
108,6,6,3,6,5,5,2,4,5,6,4,4,3,2,4,4,4,4,5,2,3,3,6,2,4,4,4,5,3,6,2,4,4,4,4,4,4,4,4,4,6,5,3,6,7,7,7,7,7,6,2,1,1,1,1,2,6,4,2,3,5,4,0,109,3
109,6,6,4,3,4,3,4,7,3,6,4,4,4,1,4,4,5,4,2,2,3,5,7,1,5,5,5,3,1,4,2,5,4,4,4,3,4,3,4,3,6,5,2,6,6,6,7,6,6,7,2,1,2,1,2,1,5,3,3,4,4,3,0,110,1
110,3,2,6,7,7,4,3,4,3,4,5,3,6,5,4,4,1,6,3,6,5,4,4,5,5,4,7,3,2,6,6,6,5,6,6,5,5,6,3,3,2,2,2,2,4,3,6,4,3,4,5,3,4,4,3,4,3,3,5,4,3,5,2,111,1
111,7,3,4,2,2,4,3,2,2,3,4,3,4,6,7,5,7,5,4,4,7,7,4,5,2,1,5,1,3,5,6,5,3,4,5,5,6,5,4,2,1,2,3,3,6,3,2,5,4,4,4,6,6,6,4,4,7,6,6,1,2,1,3,112,3
112,5,2,4,3,1,5,3,5,5,3,4,4,2,7,5,7,7,6,6,5,5,7,3,2,2,2,2,2,2,2,4,5,3,4,4,4,3,4,5,4,2,7,4,3,5,4,3,4,4,5,4,3,6,4,4,5,4,4,4,4,5,3,1,113,1
113,7,7,4,2,4,6,4,3,5,3,5,3,4,1,5,4,4,1,4,1,4,4,6,2,4,3,4,5,5,4,2,5,4,5,3,6,4,4,4,4,6,4,4,6,7,7,7,7,7,6,1,1,1,1,1,2,2,4,4,5,3,4,0,114,3
114,6,6,3,4,5,4,4,3,3,4,3,6,6,2,5,4,5,5,4,2,4,2,6,1,3,4,2,4,6,5,2,5,4,5,1,3,4,4,5,5,6,2,5,7,6,6,7,7,7,6,2,1,1,1,1,1,3,2,3,4,4,2,0,115,3
115,2,5,5,5,5,4,5,6,3,4,4,4,6,4,5,5,3,2,4,4,5,3,6,3,6,4,5,4,4,3,6,7,7,7,6,7,7,6,2,2,3,2,2,2,4,4,4,3,4,4,5,3,4,5,4,5,4,4,3,2,4,4,2,116,2
116,4,2,4,2,1,3,4,4,3,3,3,5,3,6,5,5,7,6,6,6,6,6,1,1,2,1,1,3,1,2,4,5,4,2,3,5,4,5,4,3,4,4,6,4,3,3,4,4,3,5,5,3,5,2,5,4,4,4,4,5,5,2,1,117,2
117,7,6,4,5,4,4,4,4,3,5,3,3,5,2,5,3,5,5,3,1,2,3,6,2,5,6,4,2,3,4,2,4,5,5,4,4,5,5,4,3,7,3,3,6,6,7,6,6,7,6,1,1,1,1,1,2,3,3,6,5,5,4,0,118,2
118,7,7,4,5,3,5,4,4,3,3,4,4,3,2,4,3,4,4,4,1,4,3,7,1,3,4,3,2,6,5,1,5,5,3,5,3,4,5,5,4,7,3,3,7,6,7,7,7,6,6,1,1,1,2,1,2,4,3,5,4,4,4,0,119,2
119,6,6,5,3,3,3,5,4,5,5,3,5,3,1,4,4,4,2,2,1,3,6,7,1,3,4,5,4,4,5,2,4,3,3,4,5,4,6,3,5,7,3,3,7,7,7,7,7,6,6,2,1,1,2,2,2,1,5,2,3,4,4,0,120,3
120,6,7,4,2,5,4,4,5,5,3,5,4,4,1,5,4,5,6,4,1,2,5,7,1,4,4,4,5,4,4,2,5,2,5,5,3,3,5,3,2,7,5,4,7,6,7,7,6,7,6,1,2,1,1,2,2,3,6,4,5,4,5,0,121,2
121,3,1,5,5,2,5,5,5,3,3,4,5,4,7,6,5,7,6,7,6,7,6,2,2,3,2,2,1,2,2,4,5,4,5,4,4,2,5,3,2,3,4,3,4,4,5,5,6,3,5,4,3,5,6,5,4,4,5,4,5,1,3,1,122,2
122,6,6,4,3,6,4,5,2,3,4,5,5,4,2,3,2,3,5,4,1,4,4,7,2,4,4,4,4,3,2,1,5,3,2,2,3,3,5,5,4,6,5,5,6,7,6,6,6,7,6,2,1,1,1,1,1,2,2,5,3,3,4,0,123,1
123,3,5,6,6,6,5,6,4,3,5,3,3,6,3,4,5,3,4,4,3,5,4,4,4,5,3,4,5,4,6,5,5,5,6,7,6,6,6,2,2,3,3,1,2,4,3,4,4,3,5,5,3,4,6,5,4,4,5,3,4,3,4,2,124,1
124,7,3,3,1,5,2,4,4,5,3,3,4,2,7,7,4,6,5,5,5,6,6,4,4,1,2,3,2,5,3,7,4,4,5,5,4,7,4,3,5,1,2,7,2,3,5,2,4,3,3,7,6,7,2,2,4,6,6,6,1,1,2,3,125,1
125,3,4,7,5,5,4,3,3,2,5,4,4,3,4,5,2,2,6,7,3,5,4,6,3,5,4,3,4,5,3,6,7,7,6,6,6,6,5,2,2,3,1,1,2,6,4,3,4,5,4,3,3,6,3,4,5,4,4,4,5,5,6,2,126,3
126,5,2,3,6,1,5,3,3,3,6,5,4,5,6,6,6,5,6,6,6,6,6,3,3,3,1,1,1,3,1,4,3,4,4,3,4,1,5,5,4,5,3,3,3,2,3,5,4,5,3,3,4,4,5,5,4,5,2,5,5,5,2,1,127,3
127,7,6,6,5,3,4,2,5,5,4,5,5,2,2,5,3,4,4,4,2,6,5,7,1,5,5,5,5,6,3,2,4,5,4,4,5,4,4,3,4,6,5,3,7,6,7,7,7,6,7,2,1,2,2,1,2,5,6,4,5,5,4,0,128,2
128,3,3,4,4,1,2,4,3,3,5,3,6,2,7,5,6,5,7,6,5,6,6,2,2,3,3,3,1,1,2,6,5,5,2,4,4,5,5,5,4,5,4,4,5,4,4,4,3,2,5,4,5,4,3,5,4,6,4,4,4,5,5,1,129,1
129,3,3,6,6,6,2,4,5,2,5,2,3,4,3,5,5,2,4,5,2,4,4,5,3,4,4,5,6,5,4,6,5,6,6,7,6,7,6,1,2,1,3,3,2,3,3,4,3,5,6,4,2,4,2,5,4,5,4,5,2,4,3,2,130,2
130,4,3,6,5,7,3,4,5,3,5,3,5,4,4,3,4,3,5,5,4,3,5,3,3,4,4,5,4,5,3,6,7,6,5,7,7,7,7,3,2,2,3,1,3,5,2,2,2,4,4,4,4,4,2,4,4,3,3,4,5,5,3,2,131,2
131,7,3,3,2,4,5,3,4,2,4,4,3,4,7,6,3,6,4,5,4,7,7,7,4,2,2,5,2,5,2,7,6,6,4,4,5,6,6,4,3,2,1,4,5,5,6,4,5,3,4,5,6,7,3,5,4,6,7,6,2,2,2,3,132,3
132,7,7,4,3,3,2,3,3,5,5,4,4,6,2,3,3,3,4,3,2,3,3,7,2,3,3,4,4,4,4,1,4,4,5,6,2,5,5,4,3,6,6,5,6,7,6,6,7,7,7,2,2,2,2,1,2,4,6,5,3,5,5,0,133,3
133,6,3,3,1,2,4,4,4,3,4,6,4,1,7,6,4,6,6,4,6,7,7,4,3,2,2,3,2,5,4,6,3,5,4,5,4,7,4,5,3,2,1,5,4,5,6,3,3,3,6,4,7,7,5,2,5,7,7,6,2,1,2,3,134,3
134,4,1,5,5,1,3,3,4,5,4,5,3,5,5,6,6,7,7,7,6,5,6,1,2,1,3,1,1,3,3,3,5,4,4,4,3,4,4,2,3,3,6,1,6,4,3,4,5,4,5,3,5,5,3,4,2,3,3,4,5,5,6,1,135,1
135,6,6,4,3,5,3,3,5,4,5,4,4,4,2,4,3,4,5,5,1,4,3,7,1,4,5,2,4,3,5,1,4,6,4,4,5,3,4,2,5,7,4,3,6,7,7,6,6,7,7,2,1,1,1,2,1,6,4,5,5,4,4,0,136,1
136,4,3,5,6,6,4,5,4,4,4,5,5,5,4,3,4,1,4,2,4,4,4,4,4,5,3,5,3,6,2,6,6,5,7,6,6,7,6,2,3,1,2,2,2,3,3,4,4,4,5,4,4,6,3,4,1,4,4,4,5,4,6,2,137,3
137,4,2,6,2,2,5,4,4,4,5,4,3,6,6,5,5,5,6,6,6,7,5,3,3,3,1,3,2,3,3,3,3,4,5,3,4,6,5,6,7,4,3,4,3,5,4,5,5,4,3,4,5,4,5,3,2,2,5,5,3,5,5,1,138,3
138,4,3,5,7,5,3,4,5,2,5,4,5,4,3,4,5,2,3,5,5,4,3,4,3,5,4,5,4,4,2,6,7,6,5,6,5,6,6,1,1,3,2,3,2,3,4,6,4,6,4,4,3,4,3,3,5,4,2,4,5,4,7,2,139,2
139,3,2,4,4,1,4,3,4,3,2,5,2,3,6,6,6,6,6,6,7,6,7,3,2,2,3,2,3,2,3,5,4,5,4,5,5,4,6,5,4,5,4,6,3,3,3,5,6,3,4,4,6,5,6,4,6,4,4,3,5,3,5,1,140,2
140,6,2,4,3,3,3,4,2,4,4,3,7,4,5,6,5,6,7,6,6,7,5,2,2,3,3,2,2,2,2,2,6,3,5,4,3,5,3,2,4,4,4,3,5,2,3,1,5,3,3,5,4,5,5,3,3,4,5,3,7,4,4,1,141,2
141,6,7,4,5,2,5,5,5,5,4,5,4,5,1,5,3,4,4,4,1,7,2,7,1,4,3,5,3,3,4,2,4,5,5,4,5,2,4,6,4,7,5,4,7,6,6,6,7,6,7,1,2,2,2,1,1,3,3,4,5,4,3,0,142,2
142,5,3,3,4,2,5,3,4,4,4,4,5,4,7,7,6,7,6,7,7,6,5,1,3,1,1,3,2,1,2,4,4,4,5,6,4,4,4,4,4,5,4,3,4,4,5,3,4,4,2,5,5,6,6,4,4,4,5,5,2,4,6,1,143,2
143,4,3,4,3,2,4,4,6,5,4,3,6,5,6,6,7,7,5,6,7,5,7,2,2,2,1,2,2,3,1,3,3,4,4,4,3,5,3,3,4,3,6,4,3,5,4,4,2,5,2,3,3,4,4,6,3,3,5,3,5,4,3,1,144,2
144,6,5,2,2,5,4,3,2,3,3,4,5,3,7,7,4,6,3,5,4,7,6,3,4,2,1,5,1,3,5,7,4,5,7,5,3,6,5,4,5,2,2,3,4,2,3,5,3,3,4,4,7,7,5,5,5,7,7,6,2,1,1,3,145,3
145,5,4,5,5,6,3,4,5,2,3,4,3,4,3,6,3,2,7,5,3,5,3,4,4,3,3,5,5,3,4,6,6,6,5,6,7,7,6,1,1,1,1,1,2,3,4,3,5,4,4,3,4,5,4,3,5,5,5,4,5,3,5,2,146,1
146,6,3,4,2,5,5,3,5,3,2,4,4,4,6,7,4,6,3,7,4,6,7,3,3,2,2,4,2,3,4,6,4,4,5,4,3,6,4,5,5,1,2,4,5,4,5,2,2,6,4,4,7,6,5,3,5,7,7,7,2,1,2,3,147,3
147,7,6,4,4,2,4,5,4,5,3,2,4,3,1,2,3,3,4,4,1,3,4,7,1,4,4,3,3,4,3,2,3,3,5,3,3,6,3,5,3,7,4,2,7,6,7,7,6,7,7,2,1,1,2,1,2,6,4,4,4,5,4,0,148,2
148,7,7,5,6,6,4,3,3,4,6,7,5,4,1,3,3,4,4,4,1,3,4,6,2,3,5,4,3,3,5,1,5,5,4,5,4,3,5,6,5,6,2,5,7,6,6,7,7,6,7,2,1,2,2,1,2,4,4,6,5,3,5,0,149,3
149,6,7,3,4,7,6,5,3,2,4,4,4,2,1,2,5,5,4,4,1,4,5,6,1,3,3,3,3,4,2,2,3,4,3,2,2,5,4,2,4,6,5,4,6,7,7,6,7,6,6,1,1,2,2,1,2,3,4,5,4,5,5,0,150,3
150,6,6,4,4,5,3,3,5,5,4,7,5,3,2,4,5,5,3,4,2,3,3,7,1,5,4,4,4,5,4,1,2,3,4,5,3,3,4,6,5,7,6,2,6,6,6,6,7,7,6,2,2,2,1,2,1,2,5,4,4,6,5,0,151,2
151,3,3,3,4,2,5,5,5,5,4,6,5,4,6,6,6,6,5,7,7,6,6,3,3,2,3,2,1,1,3,3,3,3,3,5,4,4,4,4,2,4,3,5,5,4,5,4,5,4,3,2,1,4,4,4,4,4,4,5,5,3,3,1,152,3
152,7,7,4,5,5,4,3,3,5,5,3,4,4,1,4,4,4,4,3,2,4,4,6,1,3,3,3,4,3,4,1,5,4,4,4,3,5,4,5,3,6,5,4,6,7,6,7,6,6,7,1,2,1,1,2,1,3,4,2,4,5,5,0,153,3
153,6,7,4,4,4,5,5,2,5,4,3,4,4,2,2,4,6,3,2,1,4,4,6,1,3,3,3,5,3,4,2,4,6,2,4,5,5,4,6,5,6,4,2,6,6,6,7,7,6,7,1,2,2,1,2,1,5,5,5,5,4,5,0,154,2
154,6,7,3,3,4,5,4,5,6,4,3,5,4,2,3,2,3,3,5,1,3,3,6,1,4,5,6,5,4,4,2,5,4,4,5,4,4,5,3,5,6,3,5,7,7,7,7,7,6,7,2,1,2,2,1,1,2,3,4,3,7,2,0,155,3
155,6,5,5,2,3,5,2,5,4,3,4,4,3,6,6,5,7,4,5,2,7,6,6,3,2,1,5,2,5,4,6,3,2,4,3,4,6,5,3,4,1,1,4,4,3,3,5,5,6,4,4,6,6,5,4,5,6,7,7,2,1,1,3,156,1
156,7,6,3,3,4,3,4,3,3,5,5,4,3,1,4,5,2,4,5,1,5,4,7,1,2,5,4,3,4,3,1,5,5,5,4,4,4,2,4,3,6,4,4,7,7,7,7,7,6,6,2,1,2,1,2,2,4,3,1,5,5,4,0,157,1
157,6,7,5,2,4,5,4,4,5,5,4,2,4,2,3,3,3,4,4,2,4,5,7,2,5,4,5,4,4,3,2,3,3,5,3,4,5,5,2,3,7,4,5,7,6,6,7,6,7,7,1,2,1,2,1,1,4,4,4,5,4,4,0,158,2
158,4,2,3,3,2,3,3,3,4,4,3,4,6,7,6,7,6,5,6,6,6,5,2,2,2,1,1,1,2,3,5,6,4,3,5,4,4,3,5,3,3,5,5,4,4,4,3,4,5,2,4,3,4,4,3,4,4,5,5,2,4,4,1,159,2
159,4,2,4,5,1,2,4,3,5,5,6,6,5,5,7,7,6,7,5,6,7,7,1,3,1,1,3,2,2,2,3,4,5,5,3,6,4,5,4,5,4,5,4,4,4,5,5,4,3,5,4,5,3,5,6,4,4,6,5,5,4,4,1,160,1
160,5,1,3,5,2,6,4,4,4,7,3,5,5,6,7,7,5,5,6,7,5,7,1,1,2,1,1,2,3,2,5,3,5,4,1,4,6,3,3,5,4,3,4,4,5,3,2,3,4,4,3,3,4,4,3,4,4,6,4,5,5,4,1,161,2
161,4,4,6,7,5,3,5,5,5,4,5,4,6,4,4,5,2,4,5,2,4,5,3,4,4,4,5,6,6,5,7,7,6,6,6,5,7,7,1,2,2,2,1,3,4,3,5,2,4,3,4,4,5,4,3,3,3,5,4,3,4,3,2,162,1
162,6,7,3,3,5,4,3,3,4,4,4,2,4,1,5,5,4,4,4,1,5,4,6,1,4,2,3,1,4,5,1,5,4,3,5,3,3,4,4,4,7,5,5,7,6,7,6,7,6,7,2,1,2,2,1,1,5,5,3,5,4,3,0,163,3
163,6,7,4,5,6,6,2,3,6,5,3,4,3,1,5,3,4,3,2,2,6,5,6,1,3,4,5,3,3,3,2,4,4,4,3,4,2,3,5,4,6,3,6,6,6,6,6,7,7,6,2,2,2,1,2,2,4,2,4,2,3,7,0,164,2
164,7,7,3,3,4,6,5,4,2,4,5,3,3,1,3,3,5,3,4,2,4,4,6,2,3,5,4,3,4,3,1,3,6,2,3,4,5,5,4,3,7,4,4,7,7,6,6,7,6,6,1,1,2,1,1,1,3,3,5,2,4,5,0,165,1
165,7,7,4,4,3,4,5,2,2,3,5,4,2,1,5,4,5,2,4,1,4,6,7,1,3,4,4,4,4,4,2,4,3,5,5,5,5,4,5,6,7,4,5,7,7,6,6,7,7,7,2,2,2,2,2,1,5,5,3,4,4,4,0,166,3
166,7,6,4,4,4,2,5,1,4,3,4,4,3,2,4,3,4,1,5,1,5,4,6,1,5,2,5,2,3,4,2,5,4,5,2,4,3,3,5,3,6,4,5,7,6,7,7,6,7,7,1,2,2,1,1,1,4,3,5,5,4,4,0,167,1
167,5,5,7,6,5,5,4,5,3,3,5,4,5,5,6,6,2,4,4,5,5,5,6,3,3,2,4,4,6,4,6,7,6,5,5,6,6,6,3,2,3,1,1,1,4,5,3,5,4,3,4,7,4,4,5,7,5,2,4,4,4,4,2,168,1
168,6,6,4,5,4,4,3,3,7,3,4,3,2,1,4,4,3,4,5,2,4,2,7,1,4,3,6,4,3,3,1,3,5,3,4,5,5,3,3,5,6,4,6,7,6,7,6,6,7,6,2,2,2,1,2,1,4,4,3,3,5,3,0,169,1
169,7,2,4,1,5,3,3,3,3,3,5,4,3,7,6,6,7,5,4,5,6,7,6,5,2,2,4,1,5,4,6,5,4,3,5,5,7,2,4,2,1,2,2,6,5,5,4,5,4,4,6,6,6,4,4,5,6,7,6,1,2,1,3,170,1
170,7,6,5,3,4,3,4,3,5,5,5,5,5,2,4,4,5,4,3,2,6,4,6,1,3,5,4,3,4,4,2,4,6,5,4,4,1,4,4,4,7,4,4,6,7,6,7,6,7,6,1,1,1,1,2,2,4,3,4,3,3,4,0,171,3
171,7,4,3,1,4,4,3,3,5,4,3,4,3,6,7,3,7,4,4,5,7,6,4,4,2,1,4,1,2,4,6,3,6,5,4,4,7,4,4,3,1,2,5,5,3,4,4,3,6,7,3,7,6,4,3,3,6,6,7,1,1,2,3,172,1
172,7,6,4,5,3,5,3,3,6,5,2,5,4,1,4,5,4,3,5,2,4,4,7,2,5,4,4,3,4,3,1,6,4,3,4,3,5,5,5,3,6,5,3,6,7,6,6,7,7,7,1,1,2,2,1,2,5,3,4,3,2,3,0,173,1
173,6,7,4,4,3,5,5,4,3,4,5,6,5,1,5,6,3,3,5,2,3,5,7,2,5,3,3,3,3,3,2,4,5,4,4,4,2,5,3,5,6,3,4,6,7,6,7,7,7,6,1,1,1,1,1,2,4,6,2,5,5,5,0,174,1
174,4,3,6,6,6,4,4,4,4,3,4,5,4,4,4,4,2,4,4,6,4,4,3,5,5,5,4,4,2,4,7,6,7,5,7,5,5,6,2,1,3,1,2,2,5,2,2,5,5,2,3,3,2,5,3,4,4,2,4,5,6,3,2,175,2
175,7,6,4,4,3,3,4,4,3,4,4,4,5,1,5,3,5,4,2,2,2,4,6,1,3,3,1,4,5,3,2,3,6,3,3,4,3,7,3,2,7,3,2,6,7,6,6,7,6,7,2,1,1,1,1,1,5,4,6,5,5,5,0,176,1
176,4,2,3,4,1,4,2,5,3,3,3,3,3,6,6,5,6,6,7,6,7,6,1,1,3,2,3,1,2,2,3,5,5,5,3,3,4,4,5,2,3,5,4,5,6,5,3,3,4,6,6,5,5,2,4,3,5,5,4,5,2,4,1,177,1
177,3,1,4,4,2,4,5,5,2,3,3,4,3,6,6,5,7,5,6,7,6,6,3,1,2,2,2,3,3,2,4,2,6,4,3,4,4,4,3,4,5,4,5,3,4,5,5,4,3,4,3,5,2,5,6,3,5,3,5,5,3,7,1,178,3
178,4,3,6,6,5,5,3,4,5,3,2,4,3,2,3,6,2,2,6,5,4,4,4,4,2,4,4,6,5,6,6,5,6,6,6,6,6,7,3,2,2,1,2,2,4,3,5,5,2,2,4,4,4,5,4,5,5,4,3,4,3,4,2,179,1
179,3,4,6,7,5,3,3,4,6,3,5,4,3,5,4,5,2,4,3,5,3,3,4,6,4,4,4,4,4,5,5,5,5,6,7,7,6,6,2,1,3,2,3,1,5,5,5,4,2,4,3,3,3,3,3,5,2,2,3,5,4,4,2,180,2
180,6,6,4,1,3,5,4,4,3,3,4,4,1,6,7,3,6,4,4,5,6,7,3,4,1,2,5,2,5,5,6,4,5,3,5,5,7,5,4,3,1,1,4,4,5,3,2,4,4,3,4,6,6,4,3,5,6,6,7,2,1,1,3,181,3
181,4,3,5,5,3,3,3,3,3,5,4,5,3,6,7,6,6,7,6,5,6,6,2,2,2,1,1,3,2,2,3,3,2,6,6,4,3,4,3,6,3,3,3,4,3,3,4,6,2,4,4,4,6,2,4,3,4,4,4,4,3,2,1,182,3
182,5,2,7,6,5,2,3,4,5,4,3,5,3,3,3,5,3,5,5,4,3,5,3,4,4,7,5,3,4,4,6,5,6,6,7,6,6,6,2,1,2,2,2,2,6,3,7,3,5,4,5,3,4,5,4,2,5,5,3,4,4,2,2,183,1
183,7,2,4,1,4,5,3,4,4,3,5,1,5,7,7,1,6,5,4,4,6,7,5,3,2,2,3,2,4,5,6,3,3,5,5,3,7,4,4,4,2,1,3,3,3,4,3,4,3,6,4,7,6,4,3,2,6,6,6,2,1,1,3,184,3
184,4,5,6,6,6,5,2,4,4,3,3,3,4,4,5,4,2,4,5,4,4,5,5,3,4,6,6,5,5,4,5,6,6,5,5,7,5,6,2,2,2,1,2,2,5,3,7,4,3,7,4,5,4,3,4,6,4,4,4,4,4,5,2,185,1
185,7,7,3,4,4,3,6,4,4,6,4,4,3,1,3,4,4,5,3,1,4,3,7,2,4,4,4,4,6,5,2,4,4,5,2,5,4,4,4,3,7,2,4,7,6,7,7,7,7,6,2,2,1,1,2,2,6,2,4,3,2,3,0,186,1
186,5,4,7,5,7,4,4,4,4,6,5,2,4,5,3,3,2,4,5,4,3,3,4,4,4,4,3,4,3,5,6,6,6,6,6,7,5,6,2,3,1,2,2,1,3,2,4,4,3,4,3,5,4,3,4,2,4,5,5,3,4,3,2,187,1
187,4,3,5,6,5,3,4,5,4,1,4,2,3,5,2,5,2,5,4,6,4,4,4,2,2,3,6,6,4,4,6,7,6,5,5,7,6,6,1,3,1,2,2,3,5,3,4,4,4,5,3,4,5,5,4,6,5,4,4,3,5,6,2,188,1
188,4,1,4,5,1,4,4,6,5,4,5,2,3,7,6,6,5,6,7,6,6,6,2,2,3,2,3,3,2,1,4,5,2,3,5,3,6,5,4,4,5,3,4,5,3,5,4,3,6,2,6,3,3,3,3,5,5,4,4,5,3,4,1,189,1
189,4,2,4,5,2,3,4,5,4,3,5,3,2,5,6,6,6,5,7,6,5,7,2,2,2,2,3,2,1,3,3,4,4,4,3,4,4,4,4,4,4,3,3,5,5,4,4,6,4,4,4,4,2,4,4,5,3,5,6,4,3,4,1,190,2
190,5,5,6,6,6,6,4,3,4,4,2,4,3,4,5,4,2,2,5,3,5,5,4,3,2,5,3,3,4,4,7,5,5,6,5,6,6,6,3,2,1,3,3,1,5,5,3,4,4,3,4,2,4,3,3,4,3,4,5,3,6,6,2,191,2
191,3,3,6,5,6,6,4,4,3,3,3,3,6,5,5,2,2,4,5,4,3,5,3,3,5,5,3,5,4,3,6,7,5,6,5,6,6,6,2,2,2,2,2,3,5,6,5,5,3,4,4,5,2,5,4,5,4,4,4,3,4,4,2,192,1
192,6,6,2,5,3,6,3,4,5,4,3,4,5,1,5,4,5,3,5,2,3,4,6,1,3,5,4,5,2,6,1,5,4,5,1,3,4,4,2,4,7,4,3,7,6,6,6,7,6,6,2,1,2,1,1,1,3,2,5,3,4,4,0,193,3
193,6,7,4,5,4,3,6,4,3,3,5,4,4,2,4,4,4,5,3,2,4,4,6,1,5,6,6,5,4,5,1,4,4,3,5,4,3,2,2,3,6,5,6,6,6,6,7,7,6,6,2,1,2,2,2,2,5,3,6,4,6,3,0,194,1
194,6,4,6,6,7,3,4,3,3,4,2,5,5,5,2,4,2,5,6,5,4,6,5,4,5,4,4,5,4,2,7,7,6,7,7,7,7,6,1,3,2,2,1,1,4,4,5,5,5,2,3,3,4,3,3,2,5,3,3,3,4,4,2,195,2
195,3,4,6,6,6,4,3,3,4,5,5,3,4,5,4,3,2,5,5,4,5,3,4,3,4,4,5,5,6,5,5,5,5,6,6,6,5,7,2,1,3,2,2,3,5,3,3,5,5,3,5,4,5,4,4,2,6,4,4,4,4,5,2,196,2
196,7,3,4,1,5,5,3,2,5,2,3,4,5,6,7,4,7,3,5,2,6,6,4,3,1,1,5,1,4,4,7,6,6,4,3,3,7,4,3,3,2,1,5,4,3,5,5,4,6,4,5,6,7,3,3,5,7,7,7,1,1,2,3,197,2
197,4,3,3,3,1,4,5,2,5,4,3,2,3,6,6,5,6,6,6,6,6,6,2,1,1,2,2,3,1,1,4,4,5,6,5,5,3,4,4,6,1,3,4,4,3,3,2,5,3,6,3,4,3,6,4,4,5,3,4,3,1,4,1,198,1
198,2,1,5,5,1,3,4,3,1,4,4,4,4,6,7,6,6,5,6,6,5,7,1,1,3,2,2,2,2,3,5,4,3,4,4,5,4,3,3,6,3,2,4,4,3,5,4,4,7,3,3,5,4,3,5,3,5,5,3,5,4,3,1,199,2
199,5,2,4,3,1,4,5,4,5,3,2,3,4,6,5,6,6,6,6,6,6,6,1,2,2,2,1,2,2,2,5,5,4,5,4,3,5,4,4,6,5,3,6,3,6,4,5,5,6,6,5,6,4,4,6,3,4,2,5,5,3,4,1,200,1
200,5,3,5,6,7,4,4,3,3,3,2,5,2,4,5,4,1,4,4,3,5,4,4,4,5,4,5,4,3,3,6,6,6,6,6,6,6,5,2,1,2,3,2,2,3,5,5,3,6,1,5,3,4,5,4,5,4,3,3,5,4,4,2,201,2
201,4,2,4,6,1,5,4,5,4,5,4,5,3,6,6,5,6,7,6,5,7,6,2,3,2,3,1,2,2,2,6,4,2,2,4,4,3,2,4,1,4,3,4,2,2,3,5,4,4,3,3,5,6,5,4,3,3,3,6,3,5,5,1,202,1
202,5,4,7,6,6,4,3,3,5,4,5,4,3,3,4,3,3,4,6,4,6,4,4,3,4,3,4,5,2,4,7,6,7,7,6,6,7,5,1,3,1,3,2,1,3,5,5,4,3,3,3,3,5,4,4,3,4,5,3,3,4,4,2,203,2
203,6,3,4,2,5,4,3,4,3,3,5,5,5,7,7,2,7,4,3,2,6,7,4,3,1,1,2,2,3,4,7,3,3,3,4,3,6,5,3,4,1,1,5,5,5,4,2,5,5,4,5,6,6,4,5,5,6,6,7,2,1,1,3,204,1
204,4,2,3,4,2,3,3,5,3,3,4,4,1,6,5,6,6,7,7,6,6,5,3,3,1,1,1,2,2,3,4,4,4,4,5,2,2,5,3,3,4,4,3,4,4,4,3,4,4,3,5,4,5,3,4,3,6,4,4,5,4,5,1,205,2
205,4,3,6,6,6,3,4,4,3,5,3,5,4,5,5,5,2,5,4,2,4,3,3,3,3,5,3,5,5,6,5,6,7,7,6,6,6,6,3,2,3,1,2,2,4,4,3,4,5,3,5,4,5,5,4,5,6,4,3,4,2,4,2,206,1
206,3,2,4,5,2,4,4,3,2,4,6,5,4,6,5,6,6,5,7,7,5,5,2,1,2,2,3,1,2,2,4,3,4,5,5,2,3,4,3,5,5,6,4,5,3,3,5,5,2,5,4,3,2,3,4,5,4,4,3,5,5,5,1,207,1
207,4,2,5,5,1,6,4,2,3,4,4,3,4,6,7,6,5,6,5,5,5,6,3,1,1,2,2,2,1,3,3,3,5,4,2,4,4,4,5,4,3,5,5,4,6,3,4,4,7,5,5,5,4,5,4,3,3,6,3,5,5,3,1,208,2
208,6,4,1,1,3,4,4,5,2,6,5,4,4,7,6,4,6,5,6,3,6,6,3,4,2,2,6,2,4,5,7,5,5,3,5,3,7,4,7,5,1,1,4,5,4,7,4,4,6,4,4,6,7,6,4,5,7,7,7,1,1,2,3,209,1
209,7,6,3,4,4,4,4,1,3,3,5,3,4,2,4,4,5,4,3,1,5,5,7,2,4,3,5,5,5,5,1,4,4,3,4,3,5,3,3,5,7,5,5,7,6,7,6,6,7,6,2,1,1,1,1,1,2,6,3,5,4,3,0,210,1
210,3,1,3,3,2,4,4,3,3,3,3,4,4,6,7,5,5,5,5,7,5,6,1,3,2,3,3,3,1,1,4,4,5,4,5,3,3,2,4,4,5,4,3,3,3,5,3,5,5,4,5,4,3,2,5,5,2,5,3,3,5,5,1,211,3
211,7,6,3,6,3,2,4,5,4,3,4,4,4,2,5,3,4,2,4,1,5,4,7,2,4,4,5,4,4,3,1,6,6,5,5,3,5,4,4,3,7,3,3,6,7,6,7,6,6,6,1,1,2,2,1,1,5,6,3,1,5,5,0,212,2
212,7,4,2,2,4,3,4,4,3,2,3,5,4,7,7,5,7,3,5,2,6,7,3,4,2,1,4,2,6,4,6,6,5,3,5,4,7,5,5,3,2,2,4,4,6,5,4,6,4,4,5,6,7,3,4,4,6,6,6,2,1,1,3,213,3
213,5,2,6,4,1,4,4,4,3,3,4,4,6,5,7,5,6,5,5,5,6,5,2,1,3,2,3,2,3,2,3,5,2,2,3,3,4,4,3,3,4,7,5,4,5,4,3,3,6,4,4,5,3,4,4,5,5,3,4,3,3,4,1,214,2
214,1,1,3,5,3,3,4,4,4,4,6,4,4,5,7,6,6,7,6,6,7,7,3,1,3,1,1,2,1,2,4,6,5,4,3,3,4,5,3,5,4,4,4,4,3,4,3,5,5,4,2,5,5,5,3,5,5,4,3,4,2,4,1,215,1
215,4,3,6,6,6,3,4,5,3,4,3,4,5,3,4,2,1,3,5,5,5,4,4,5,4,4,3,4,6,3,6,7,5,5,6,5,7,7,3,2,2,2,3,1,3,4,5,4,5,3,4,6,5,4,3,5,3,5,5,6,2,2,2,216,2
216,7,7,4,4,4,5,6,5,4,3,3,3,5,2,5,4,6,5,4,1,4,5,6,2,3,5,2,4,3,4,1,2,4,3,6,6,3,3,5,4,7,4,5,6,6,7,7,7,7,7,2,1,2,2,1,1,3,4,3,5,6,3,0,217,1
217,4,2,6,2,2,2,5,3,3,6,4,5,5,5,5,7,5,6,7,6,6,6,3,2,2,1,2,2,2,2,5,4,5,3,2,3,4,5,5,5,5,3,4,4,5,4,3,5,5,4,4,3,5,5,5,1,5,4,6,2,3,4,1,218,1
218,4,1,4,3,2,5,4,5,5,5,3,4,2,7,6,6,6,6,6,6,6,5,3,3,1,2,2,1,3,1,2,4,3,5,5,3,3,5,4,5,3,5,3,4,5,5,5,5,5,4,4,4,3,4,6,4,4,4,3,3,4,5,1,219,3
219,7,7,3,3,4,4,4,5,3,3,4,3,4,2,2,5,5,4,4,2,4,5,7,1,5,6,3,5,6,4,2,5,3,5,6,4,3,5,4,4,7,4,3,6,6,7,7,6,6,6,2,2,2,1,2,1,4,4,4,5,3,4,0,220,1
220,4,5,5,7,6,3,3,4,6,3,5,6,4,5,5,3,1,4,4,3,3,5,6,3,4,3,4,5,3,5,7,5,7,5,5,5,7,6,1,1,3,3,2,3,5,4,4,3,3,5,3,4,2,4,2,4,5,4,4,4,3,4,2,221,2
221,6,7,3,5,4,4,4,5,5,2,5,3,3,2,4,7,3,5,5,1,2,3,7,1,7,3,4,4,6,2,2,4,4,3,5,6,5,4,5,4,6,3,5,7,6,7,6,6,6,7,2,2,2,1,1,2,3,2,4,5,4,5,0,222,3
222,7,5,6,6,7,4,2,4,2,4,4,5,4,4,5,3,1,3,3,4,4,5,5,3,5,3,5,5,5,3,5,5,6,6,6,7,7,7,3,3,2,2,1,2,4,4,5,2,6,3,4,2,4,5,3,5,4,3,3,2,4,5,2,223,2
223,6,6,4,5,3,3,4,3,3,4,4,4,6,1,4,6,1,3,4,1,5,3,6,1,5,2,3,5,5,3,2,4,5,4,2,4,4,3,6,1,7,3,5,7,6,6,6,6,6,7,1,2,2,1,2,1,3,4,4,4,4,5,0,224,3
224,6,7,4,3,5,4,4,4,3,2,5,4,4,2,3,5,2,3,5,2,5,6,6,1,4,4,4,3,3,5,1,2,5,3,4,4,3,6,3,4,6,4,4,7,6,6,7,6,7,7,1,2,2,2,1,2,5,4,5,4,4,5,0,225,1
225,7,6,4,3,2,6,4,4,4,5,5,2,4,1,2,3,3,3,2,1,4,4,6,2,4,5,4,4,4,4,1,5,3,2,4,3,5,4,4,3,6,5,5,7,6,6,7,7,6,7,2,2,2,2,1,1,7,4,4,5,4,2,0,226,3
226,7,7,4,3,3,2,3,3,4,4,4,3,5,1,4,3,2,4,4,2,3,4,6,1,3,4,3,4,3,4,2,3,5,2,5,4,4,2,3,3,7,4,4,7,7,7,6,7,7,6,1,1,2,2,2,1,4,3,5,3,4,5,0,227,3
227,6,4,3,1,2,4,4,2,4,2,4,4,4,6,7,3,6,2,6,4,6,6,3,4,1,2,4,2,5,5,7,3,3,4,4,4,7,5,5,6,2,1,4,3,3,3,4,5,5,4,4,6,6,4,3,3,7,6,6,1,2,2,3,228,1
228,4,2,3,5,1,3,4,4,6,3,4,5,3,6,7,6,6,6,5,5,5,6,1,1,2,2,3,3,2,2,5,4,4,5,4,2,5,2,4,3,4,5,3,3,4,3,4,5,4,4,3,2,3,2,5,4,4,3,3,4,4,4,1,229,2
229,4,1,4,5,1,5,3,4,5,3,4,1,2,6,6,6,7,6,6,7,6,7,2,1,1,2,3,1,3,2,3,5,4,5,5,4,4,3,4,4,4,4,2,5,5,4,4,4,5,6,4,3,3,5,6,3,5,4,4,5,3,5,1,230,1
230,4,1,3,4,2,5,4,4,3,4,4,3,5,6,6,5,7,7,6,5,7,6,3,2,2,2,3,2,1,1,3,6,5,4,4,5,3,4,5,3,2,5,4,6,4,4,3,3,3,3,4,3,6,5,4,4,3,4,3,4,5,4,1,231,1
231,5,1,3,5,2,4,3,5,7,5,6,3,4,6,5,6,5,6,6,5,7,6,2,2,2,2,1,2,3,2,4,4,3,3,3,4,4,5,4,5,4,6,4,4,3,3,5,5,3,5,6,3,4,3,5,4,4,3,4,6,4,3,1,232,1
232,7,4,3,1,4,7,2,3,4,6,3,4,4,6,6,3,7,3,4,5,6,6,7,4,2,2,4,2,4,4,6,5,3,4,4,4,7,4,4,5,2,1,3,4,3,3,3,3,3,4,4,6,6,4,4,4,7,7,7,2,2,1,3,233,2
233,3,3,3,3,3,5,4,5,4,3,3,3,3,6,6,7,6,6,7,6,6,7,2,1,3,2,2,1,2,2,5,4,3,4,4,3,2,4,4,3,4,3,3,5,6,5,3,5,4,3,4,4,3,5,4,5,3,4,6,3,1,3,1,234,2
234,4,3,7,7,6,5,5,4,4,3,5,4,3,3,4,5,2,3,5,5,4,4,3,4,4,2,4,3,4,4,6,6,7,6,7,5,6,6,1,3,1,3,3,3,4,5,4,4,4,4,5,6,4,2,4,5,3,4,4,4,3,5,2,235,2
235,4,3,5,3,3,5,3,2,2,4,3,5,4,7,6,7,7,6,6,5,6,5,1,3,3,3,1,1,3,1,4,6,4,5,4,4,5,5,5,4,5,4,5,5,5,4,5,4,3,5,3,5,5,4,4,3,4,3,2,5,3,4,1,236,1
236,4,3,5,4,1,5,4,4,2,3,4,6,6,7,6,6,6,7,6,6,6,6,2,1,2,2,2,2,2,2,2,5,3,4,3,5,4,4,5,4,4,5,3,4,5,5,5,3,5,4,5,2,3,7,4,4,5,4,3,5,4,2,1,237,2
237,7,6,4,2,2,4,3,4,4,4,4,4,3,2,5,4,5,5,3,2,4,5,7,1,3,3,5,3,4,5,2,4,4,4,4,5,2,5,4,4,6,2,4,7,6,6,7,6,7,7,1,1,2,2,2,1,4,2,3,3,5,4,0,238,3
238,6,6,3,5,4,5,3,5,5,3,4,6,3,1,2,5,3,3,6,1,3,5,6,2,3,6,6,4,3,3,2,3,5,4,4,4,5,5,4,4,6,5,5,7,6,7,7,6,6,7,1,1,1,1,1,1,5,4,5,3,7,4,0,239,3
239,6,4,3,2,4,5,4,5,4,6,4,4,5,6,6,4,6,4,3,6,7,7,5,4,1,1,6,2,3,4,7,4,3,4,4,4,7,4,4,4,1,1,5,5,4,4,5,4,5,5,5,6,7,4,3,4,6,6,7,2,2,2,3,240,3
240,4,2,5,2,2,4,5,4,5,3,3,5,4,6,7,6,7,6,6,5,7,6,2,2,3,2,2,2,3,2,3,3,5,4,5,5,4,3,2,4,4,4,4,3,3,4,4,5,4,6,2,4,3,4,5,4,6,3,4,4,3,5,1,241,1
241,6,7,4,3,2,5,2,5,5,6,4,5,3,1,3,5,4,2,3,2,4,3,7,1,5,5,2,4,3,5,2,4,2,5,5,5,3,4,3,6,6,3,4,6,7,7,6,7,7,6,2,2,2,1,2,2,4,5,3,4,5,4,0,242,1
242,3,3,7,7,6,3,3,4,5,3,4,5,4,6,3,6,2,5,5,2,5,5,4,3,5,5,3,1,3,3,6,6,6,5,6,6,5,7,3,3,2,1,2,2,4,5,3,4,4,4,5,4,4,3,4,3,4,4,4,3,5,3,2,243,1
243,2,1,4,3,2,5,3,3,4,5,5,5,4,6,7,5,6,6,6,7,5,5,2,3,2,2,2,1,3,3,3,4,5,3,4,5,5,2,5,5,6,4,3,4,3,5,3,4,4,6,3,3,4,3,3,2,4,4,5,6,4,4,1,244,2
244,6,6,5,4,4,2,6,5,3,4,3,5,5,2,4,2,4,5,7,1,3,3,7,2,4,4,5,6,4,3,2,4,5,5,6,2,3,4,6,5,6,2,4,6,6,7,6,7,6,6,2,2,1,1,1,2,5,3,4,4,6,4,0,245,3
245,6,7,5,5,3,4,3,3,4,4,3,2,4,1,6,2,4,5,3,2,5,3,6,1,6,4,4,4,3,5,1,4,4,2,2,4,3,2,3,4,7,3,6,6,7,6,7,7,6,6,1,1,2,2,1,1,3,5,2,3,4,5,0,246,1
246,4,3,6,7,6,4,3,3,3,2,3,4,4,4,4,3,2,5,3,5,4,4,4,1,4,4,5,4,4,4,6,7,6,6,7,5,6,5,1,2,2,1,2,2,3,6,4,6,2,3,4,3,4,2,4,4,5,2,5,4,4,4,2,247,1
247,6,5,3,1,4,4,5,3,4,3,3,5,4,6,6,5,6,4,4,5,7,6,4,2,2,1,4,2,4,4,6,5,4,3,4,4,6,6,3,4,1,2,3,5,4,6,5,4,4,5,4,7,6,3,5,4,7,6,6,1,2,2,3,248,1
248,3,3,6,7,6,4,5,3,3,3,2,4,4,3,6,3,2,5,4,5,5,4,1,5,5,4,4,4,3,4,5,6,6,6,7,5,7,5,2,3,1,2,1,2,4,4,4,3,5,4,5,4,2,4,4,3,3,5,4,5,5,3,2,249,2
249,7,6,3,3,4,5,4,4,4,5,2,5,5,2,5,1,4,5,3,1,3,5,6,1,4,4,4,5,6,4,1,3,5,5,4,2,4,3,5,4,6,3,3,6,6,7,7,7,7,6,1,2,1,1,2,2,5,5,5,5,3,6,0,250,1
STDEV,1.53735286,1.965669205,1.288995749,1.629393659,1.834764684,1.041284348,0.966091783,0.996451536,1.093419528,1.0359715,1.067850748,1.134886722,1.145909435,2.089026598,1.406816452,1.345025044,1.879626554,1.353626692,1.313605052,1.937729388,1.388512827,1.365060276,1.976163172,1.271649468,1.346606623,1.392700419,1.323406824,1.397645754,1.344069228,1.290085767,2.072206592,1.310746438,1.279237976,1.283969748,1.296792459,1.260974316,1.475742275,1.294312551,1.376387216,1.261324605,2.098061833,1.399259701,1.313482755,1.903389494,1.455657844,1.47621572,1.568443835,1.533371747,1.504285712,1.478309031,1.455199789,1.823809509,1.829187719,1.469365899,1.493460981,1.512364037,1.347369891,1.324977836,1.264911064,1.376807319,1.293170196,1.300454045,1.023020176,,
,,,,,,,,,,,,,,,,,,,,,,,,,,,,,,,,,,,,,,,,,,,,,,,,,,,,,,,,,,,,,,,,,
MAX STDEV,2.098061833,,,,,,,,,,,,,,,,,,,,,,,,,,,,,,,,,,,,,,,,,,,,,,,,,,,,,,,,,,,,,,,,
MIN STDEV,0.966091783,,,,,,,,,,,,,,,,,,,,,,,,,,,,,,,,,,,,,,,,,,,,,,,,,,,,,,,,,,,,,,,,
RANGE,1.13197005,,,,,,,,,,,,,,,,,,,,,,,,,,,,,,,,,,,,,,,,,,,,,,,,,,,,,,,,,,,,,,,,